puuid,gamename,tagline,leaguePoints,rank,wins,losses,veteran,inactive,freshBlood,hotStreak,total_partidas,win_rate,cluster
arkZibuZwjv13tCN-usStZy6uLCQTxRFuaNJg4tTptwu0fqYO_DgnK-s6wtZGNJCDLD9MJYraD_q0w,Dizin,Dizin,2049,I,254,168,True,False,False,True,422,60.18957345971564,2
8QC90-YgcZrwbqgMoUVBLtv64Z4Rg7_-7LPOdC15IGHiJIJHOfDGPsD3j7yAfyq0hwThZVckbdJLVQ,sarolu,noob,2030,I,286,186,True,False,False,False,472,60.59322033898306,2
G3Fc61cJC_QoedUDIFZnd3LlVI4lZi345csDi8jDPD1iumnxOb8nLltiY2KQ8UCbAAIq13PRabHk0Q,repri,鴉巣生鳳,1832,I,511,430,True,False,False,True,941,54.30393198724761,0
0XbnxW3UOE2akFYAH-CVii-ydPajeqvIGxL5dLSZbAPQzyUyGauxALEZUePnwPGmkY23b9Ff-N5k-w,Nagato Uzumaki,ISG,1731,I,351,246,True,False,False,False,597,58.79396984924623,2
gcuvizA06HQGlFMEBoQxxZTS4FCkw2pOlCNj_00NaWi8C9y_o2zyGC8271sIsDNXfRiGBdhx0aFqGQ,Horse Negs,Sabão,1719,I,221,148,True,False,False,False,369,59.891598915989164,2
uQIWZ42VnEtMHCUYT5Hzvinl8ifm3MCrr5FPG3tIsky5xeiuMGcr_v3ezbdepfzaAh-4rUEAw2edSw,uzent,kr3,1716,I,283,213,True,False,False,False,496,57.056451612903224,2
W17jmYDughGRLjxg7azCLusO9PIFfYP2eAjT1E5VmDiKNPPKvzoHO_7Joz8u2cWeiU92izwF8rTMaA,lamine yamal,dork,1683,I,846,765,True,False,False,False,1611,52.513966480446925,0
rz1gV7pqqmKPUld5wgw3wE0kcqa9TT1kEh_SISsDOczOmcAQMzYMf12Z3cXRAT7i70ua5prSjE6cKg,Drakehero,BR07,1679,I,717,645,True,False,False,False,1362,52.6431718061674,0
RBJDjAhzv1ROCPAL7St6RkxgQHmcPFfVLiQxQFRFMzPgRes5uNDcX1GgAB4SWXnCBSmQCFZ73iAisQ,Diavolo,gabi,1679,I,267,116,True,False,False,True,383,69.71279373368147,1
YJbiwAz8emMvAYeIWh83lEkUJLNrZBe8kQ33sXT7AO3vJ1yZnpAPwbZOQxqxFX8qyrHkheGrSpql0g,Stoneses7,br1,1650,I,423,347,True,False,False,False,770,54.935064935064936,0
2DM2vM9L9KhEc-RHQwGnLoHD_Hiy9Q2-thCcPu8lmBxiJsy8oWPIVJhtqchVc_RFzgaio6a-E0xOsQ,deuces,oss,1606,I,248,160,True,False,False,False,408,60.78431372549019,2
xg6XQ7O20744Vt1DJpJyiuaMEWMcmt9eAWSbj3lfHDyoYSxQFZ27IKtpP0gzDBb7_my8_kjThQ2lSA,Brance,Branc,1599,I,472,414,True,False,False,False,886,53.27313769751692,0
lkxXH6Ez58_AAFm68qJuRuuyHQu24V0VQnFB4zDgUkfJh6660D3mPckZ_-7oLLC2472h-VkPlYboIg,Duduhh,在頂部,1595,I,651,584,False,False,False,False,1235,52.71255060728745,0
t4F7JM7pzvEws5Z0L1Ga9QdsYzN9HS1TWYKaJBla4qY4usz6grspnyh2JBZJ84T-ZRFD_9vLqEXIGg,Kina,00021,1577,I,191,127,True,False,False,False,318,60.062893081761004,2
X86GcwmaEHUZpYca21EiCDwTIHbP7-oV7EfsIichvEEZsIiwI0vBxcSebksB_PMCKC1knpnzIOc7Pw,guigs,0505,1567,I,377,331,True,False,False,False,708,53.24858757062147,0
FnceaQlXlgAbZDKEtzzqf0zbwBsYY0AaXGa_CHztKucCOQKIlLRFB3s4BAwnN2n18dbjz6qErxdsyg,IDL Toucouille,Gap,1557,I,290,217,False,False,False,False,507,57.1992110453649,2
Wb1DorV_BvEqIplVEim8Y0k-Y4Lpb6Qb4mFmFMgOpYUl0E4a0FJrwd9_n-zpyIoqJVsG78o56eLUrg,scuro,blox,1544,I,577,512,True,False,False,False,1089,52.98438934802571,0
ipitfD_bb71kyE8mvFyjDVk2xidcdKil__mzKqM-tMp3L_CvCtvVp0OmA0yk8vT6f71BNBMNftDUdw,ProDelta,BR1,1544,I,319,258,True,False,False,True,577,55.28596187175043,0
qlt2G6j5ZW9XZLt0HsqCMjVQJT6Q1tVwx5FgnmE4NaBwW0XmiHzHlB1mCNr8LZKwru4gJHcmn7ghKw,Arthur Lanches,13777,1535,I,564,488,True,False,False,False,1052,53.61216730038023,0
JhXA4B2fBz0j4M_-bWZyVZ13zp4twV1Ronpok0DthCb2ieRVg3v9LLd1YEev-TASc_mRTsnW8Z7YMw,last stand till,rise,1519,I,471,407,True,False,False,False,878,53.64464692482915,0
hX-z7RdXCUyCCkFc0cIRgchHzOpkvQ6tXriNTgh8UFtIAYFBDE4tmI7WLZe-c98wv00WnxfXeiIoAQ,ISG Zamudo,ISG,1511,I,141,58,False,False,False,False,199,70.85427135678391,1
RYZM0QHWzGF52GmkS1l6-0uatKYfZJNjbuSTaht7R7cL9LF5r8mLgRkMgC28h-3w8UNKlx-OIrLxpQ,Manel,BR2,1495,I,547,483,True,False,False,True,1030,53.10679611650485,0
rcVHBg77KobWovaTVqzY5-pHOgw8EE2yhUAjgMPE-fmwQeIaYFfxCotw1DphPh0RUkPLbJZBiBhdCg,Unlimited Swords,br1,1489,I,212,146,True,False,False,False,358,59.217877094972074,2
4jbnBrAfsFmxpOXbODCJ118pC_xXUomN9jx_buuM_RX3ubEWUZft_AF2K64X2FaMfEWHMWrD-Wwf9A,TTVNehemmiahlol,Stoic,1474,I,1046,983,False,False,False,False,2029,51.55248891079349,0
sMmzZGc2BqAdd716Mt30jvMfEw_40c6PahEaWGDNe7NoQstBevNy1gNyR59F_0Bh4mBjx-T35njwXg,boa noite gata,br1,1457,I,217,139,True,False,False,True,356,60.95505617977528,2
4Xs-itKctXWTKe1ORNWn-X_yim2PhM4j7puy_jAzpuEsIadk7LcSZPJFXxsSHEQ3T1SCC7FW2zfqCg,henry,luz,1446,I,483,424,False,False,False,False,907,53.25248070562293,0
wIvyEX1S3v6Ejdy1CcTHwCtKZ5ynfG3_PxWkuYvaJ9UlzsQWWliVky6uNLJyavIMuFf1Ah_9Y8b4nQ,zekas,2002,1441,I,513,475,True,False,False,False,988,51.92307692307693,0
F8VPGb1GqfJNTLDAZNQwALj1CAz9TBnIJa8zU5QpSeFQM2wqcEp4WQ6Wx8xakgvOeFkDB-i9HotzwQ,thick b4rk,br1,1428,I,222,153,True,False,False,False,375,59.199999999999996,2
XFGzVCB6lhBPZYjxrvHGl-RZL5dCett26MADr5qln67MbfbpAMZmir8YWah1zG4QyWhT6pNLgPhS7g,Sinatra,omw,1414,I,620,546,True,False,False,True,1166,53.17324185248714,0
fIZqXygLUR0CIFlj7cJ-l891NOCUYEunJWACmh1Kzum5TU-dcxmc1_tqQ-YVye2GDvh06b1XTWS5BA,Gyul,Gyu,1413,I,443,379,True,False,False,False,822,53.892944038929436,0
5SH7ZvPjP4j40rH0Ow-rOtYdoKhsVdFx7yhG0ocitd9BshRzMCVSCO7rqvu7PJkze8tm88imruNuwA,random,gap,1399,I,410,363,True,False,False,False,773,53.04010349288486,0
H2Qi-FGadUkC2xHDUtPm0gwsIovjQztZ02LRXHCq0mw9fXrLj2ok3as0qz0--i4UWljiipNHgWD6rQ,houndin,yas,1399,I,227,173,True,False,False,False,400,56.75,2
QVQhZFa2H0WTudROvHxfmOiW86maQy6Vxibrc7MfTMsdtif3gvRLTEX0FOupNiN0LCdgfzeMfv6JuA,Belzeboss,best,1395,I,158,107,True,False,False,False,265,59.62264150943396,2
ExYFcImeII7U32YC2sFN9L5QSFqFy9y9q4gmWkezHR9P4qWlN0EWQbnQMfI8ssdTMQeQDMDBJJrdjg,7REX Namiru,7REX,1393,I,428,380,True,False,False,False,808,52.97029702970298,0
8JBN5d7wBabipBnBXEZuNnp8N9R6RCjP8M-cw8tZCLbNwRQb9s1XzPh2sk2JGd38iEQmnCNHy_GnnA,ShaQuinn,shaqs,1393,I,163,82,False,False,False,False,245,66.53061224489795,1
IprEoDmqmEZ6_Z7hHgRZtlebr5kfKGrcUiLQu-PCmj3bPsify4-m0A9jsPw1j2FfGYm8NFQO9Ftfxw,headlock,slow,1387,I,144,52,False,False,False,False,196,73.46938775510205,1
gHYJHhDzhukYAjz496S8WhYEkRqKEda4DRhkOJJEDnU8BDD7g7ckUhBmKfAh-ZFWZFkZm2sqH5KQhA,Leleko,000,1385,I,392,335,True,False,False,False,727,53.920220082530946,0
FdC-u10AiksOOxwoJ9D55dw2aF8n9ZsJhJxYNCZL8d-GpBb7Jl1n2iyQXvjCnQlYXsnB0cDop-pOZg,Eltrico,BR1,1383,I,374,322,True,False,False,False,696,53.735632183908045,0
T2LWsZkyC8xUP2Ge2JKU8iD7UIqu-GVhl5WeyeoyYuvPYrSxf6FESpLxP02AZjLlE2M__u57NYBhng,bellingham22,00001,1383,I,336,279,True,False,False,False,615,54.63414634146342,0
7B8-o6nwbdq5RzklKeCvJro3NWjClDrtJ_lY6wGFUFb10mdovwPo7TlwICf8oV3j79i17Kt8pwEEqQ,Juniper Lee,Juni,1371,I,211,163,True,False,False,False,374,56.417112299465245,2
zsdPZtYlO4zRyWJgBv7hqFMAV7eI9idaidg68S7-4HnOLSdtkHLaePNRJ46_MiFzLytyWPDMOawJfg,Gru,2706,1365,I,175,120,True,False,False,False,295,59.32203389830508,2
y8L6TyX6J11g6irr-Adqpk0KVMt-KrHv1GmSYquNSq8VHLfcbcw_pKdquWAELJ6qjo8NlQpmXgS1TQ,PNG Caca,paiN,1362,I,359,299,False,False,False,False,658,54.559270516717326,0
bygnvbR78JC0j1bmzDuXh89slraEpHjRqTtTAAYbZT05qHsSkiKu7BENyzH3hlcqE0wMDcTUN7A3rw,aikawa,zzz1,1361,I,611,546,True,False,False,False,1157,52.80898876404494,0
KTm6T-aU49Bfql0UlT0tI9D2IuDc9Tp89vP28gQqWc7O2e9Tv6Y4aiE__KXj3Q1Amd1znPstYnUtMg,camilonicolau3,1234,1355,I,238,177,True,False,False,False,415,57.34939759036145,2
B1PHec4WbZDaf7E2HfARnLpOjz-4oYuWrbv19SjPcMppL4KA88CBl33PtCDSRzyGOgOlPl1Intm4BQ,Yupps,777,1350,I,416,356,True,False,False,False,772,53.8860103626943,0
LKDKf46gmaTxPYEBAznpe8HKwDleIrVFmer-0UoLDGul4gBpwU23u6K0xEjDQ4ZfqbCsKiRqAWKE-w,Forlin,br1,1343,I,565,514,True,False,False,False,1079,52.36329935125116,0
BvCG7Na7WjNzvSXm7iylSKy5Eabrito-shcai-S9WhAR0rYW0SE9i0M65OoaWmwkHoOO7-pePV1JWQ,qweasdqweasdqw,KR03,1336,I,923,866,False,False,False,False,1789,51.593068753493576,0
5aIaExBvksPk6R1ivMOOnkpbzOzHCqIV5rtd0e3A7D3R7-YB9Kpdn43lVTi1yJhzIxapF4S9w5x3_Q,Telas,0604,1335,I,482,431,True,False,False,True,913,52.79299014238773,0
Pb26yX2nszGMiA-SA_kxH0RODDR8hdNuFNdXhcp3mtbA14XBV9PW1qRETPmDoPs2p1Vo358P4tHX2A,scamber,BR1,1335,I,371,320,True,False,False,False,691,53.69030390738061,0
W7ht-bvPUjGa_frF2dpq9opKOSja0zPdQNADqcyto9hIR_2HZiC9Op4kQOQl_dZEVPDZzt6UanAu-g,ryujiyz,KR2,1334,I,279,219,False,False,False,False,498,56.024096385542165,2
rOPLc2kYmKMXDJe-k7BdMq2NMoZQoIzB1YL3L87GF9SWfsOmuGPwmaVWVyce5xu83d7LNslRl7KYrg,Zeraora,N0807,1332,I,295,231,False,False,False,False,526,56.083650190114064,2
GfvhDTRo7-MZtBmQ5zjBgjkSVh8MN7JoOWZS8DWpP-f4V-oWff9pkqm3cArDJkOs0aUb5xdyangHRA,lolo,tfpn,1327,I,621,565,True,False,False,False,1186,52.360876897133224,0
u6votQADfwMEFHSJdWPvbKcioQNzukyp9_s4Ymb5XJ5-3YjUG0wm8dxWODIGyhGQV723QEd0OGFVXQ,PontoDoiss,br1,1326,I,277,228,True,False,False,False,505,54.851485148514854,0
yzEkVRIfbNkPKd24WZ94n-5pfUzAluJe54K5WH6gX5UFmPupV32SGtJ6nT5Hg-JGdjfokbWgChcBZA,Americas champ,MID,1326,I,207,146,True,False,False,False,353,58.640226628895185,2
Z9blIh4ZxiK5SmuZVpFHzYOJ-X6xEiEnApv4SaGw-CZIHzXEv_fCuWjmRa9raUBs0ThWurzHV449aw,kuropi,chill,1318,I,734,679,True,False,False,False,1413,51.94621372965322,0
yWe5edkAVAPg0dnynQSozk0m6VxrUuLkbkbQ3_pIcTNbqLWc7dYsvbro8MhjEmHb91KMhUPHSXONAA,Robo,ROBS,1317,I,312,257,False,False,False,False,569,54.833040421792624,0
aNMonqNh6hn18wKszMcjZk4UW7qNreBmzyzksjSN6_ZlZYcHrBkf6A2ZrSgpVe_i1Gk9tNLpQnPQDg,Nutshell,opqe,1312,I,192,131,False,False,False,False,323,59.44272445820433,2
yWuEO8qWNhg_ydPgmjU3NmmamzHgFvp2YaUxXfKV09wjcSXH8LHM8gsp3m6AjbvZrDnre9bDhOKQWQ,LOUDGryffinn,LTAS,1311,I,195,122,True,False,False,True,317,61.51419558359621,2
AiPPziCGPpm9OFXj6Aj0132jvmvWpWD0IEnH1fOH0h1tqeZUyThiNvIfDuSPO-Kf3C7GgI94SL8DZQ,ISG Keine,ISG,1308,I,115,40,False,False,False,True,155,74.19354838709677,1
MM5XKvCGTWhOrO6i7vGwbjNHG-64vS5jiVSqrH3mcclcyb5xJ4EYEm2XbOph9BakpOdI16PFO7Wzag,caiozera,케인 사신,1307,I,839,791,True,False,False,False,1630,51.472392638036816,0
SUyK6fSdQLgzdMVgH_u7sx9uePUV5mJfsGEb8m69AOgv5OfnsDc0onWaaAsNFxsgMr0umt_rgl2c_Q,Qats,BR2,1303,I,237,191,True,False,False,False,428,55.373831775700936,0
RDd9ntUo0AzJ0MGFXS7eKqcAcAScVXbmYZPvSDOiqb66jZtepN4vXV-4IFChSYqpFAbTvchGuR7nOg,curty,emote,1298,I,634,586,True,False,False,False,1220,51.967213114754095,0
vCfLoYOoVaGuvbhmAqx5sKVKAPBq4vrC2AE2gcmd9DD8NR1JyTVdKFUueJSd16miw_aVLuZXlIkCZg,crawl2r,gabi,1292,I,466,402,False,False,False,False,868,53.686635944700456,0
65eV1FQsssRN-WzeXRuu88DUB7k7F5miBKUeTFzp-rneRSgD0-QuFHVJNZD7XBnYkLOshrx-NfQQew,Peco,11111,1291,I,696,615,True,False,False,False,1311,53.08924485125858,0
y2yKYPKzFJ2uV8Wlq_EtI_lL3qR_YI2p_UtTUm68uAQMkkP3ynqsJpaZm6PmXL6C8rEJWkZpcQp8xw,Kojima,ゲツヨウビ,1286,I,868,801,True,False,False,False,1669,52.00718993409227,0
ZYgfB0UnHIpuJiQhoJ0Ezml_xzVAv9xwHdcFl6qm4WLI8O5kSpmpD0lcMulJB-ecVfjvQYdVmuF_Mg,Arlon Maligno,Arlon,1280,I,181,89,False,False,False,False,270,67.03703703703704,1
7NoDzYLnxRvxyVcP3r2zjRDQyiTID51-ETPjhOzib_FLtcEhow44WdVgxAt_XTJf3bBw957fDxUCWA,thewarsor33,TH33,1273,I,193,108,False,False,False,False,301,64.11960132890366,1
Sc4wWM4kkVjQcozdCmoBD-9FCJ_3ZaoJigLF-vgbv8bmrX_gRECl_W_Thtzlei_j3wWDPmDPI0iJNw,IsDEAD2,natni,1271,I,514,442,True,False,False,False,956,53.76569037656904,0
OaVRq_BqaTkN1sp1L8ZRPX00ArdOHvA9U_P50xdieGjJB4TwejVRkE7H_Zo7CJMPbtiVnMhcnne2Mg,ZIKINHA O SABÃO,SABÃO,1267,I,280,221,True,False,False,True,501,55.88822355289421,2
r6RMSwFYM3sbrNZSoIic7bRZd0PQwBfSw6ElcV_9rY7hYB7mxoKggJkUb2WmVIK6JrFRZ8caEtMrmA,Delphin,adc,1259,I,494,445,True,False,False,False,939,52.609158679446224,0
UY9YXb72RcSYrlhj-SS3-NwXufyCXwwiK75UeLrotCLKjEzKDNei2SLF7IJPNZjYLi1KmAKe3ukr7g,vvv,444,1255,I,646,579,False,False,False,False,1225,52.73469387755102,0
I5SmYA8Jid1okS45qQvWkGKEVm5VKyovLFpPVXm0M7pj8OeAB3uhFpvkFkB_te54jgZZv1XjOr1h8w,potato the cat,envy,1253,I,630,565,False,False,False,False,1195,52.719665271966534,0
_7CJADLfH3lhlDQu0pSWLWbxR5_Zk-WuHIe85_AX83deLH8PtgDoWCK7IIBbnIsLS5eB2ZRpU5EZHA,mrkz,kogin,1248,I,470,417,True,False,False,False,887,52.98759864712515,0
KnrwdgAOPPuvylexaSvUvEgihBR7BKXHq2LzjMMURn1W3lDAPVTCPy6BFeqhJyqXkyVezx0Cyv9Dlw,Mings,Bird,1243,I,429,382,False,False,False,False,811,52.8976572133169,0
FM-NYlVVzqGw1upZmMGYGxEqWK2WxtNZY-WIv_Q43GrvZnyVu25REjnR-o_Gp2G3IpA9HbCqJ74fPw,Fujita,061,1232,I,278,237,False,False,False,True,515,53.980582524271846,0
JavHv51kqBQApJqwveX738HrWZxHWPEdV430K3GrOnBRAIzoeWhCDDt9Sny31QyT99fEYBXEhCIkag,tarka ji,1103,1231,I,253,175,False,False,False,False,428,59.112149532710276,2
tIRTpjkOc8ciXD1TEpcz1RezjbZJJrjzZQN8Z3wh-f7f1F214aZp2VEz5vILVoTsvI72geC0c0lnNQ,jeiel up,FLU,1229,I,205,161,True,False,False,False,366,56.01092896174863,2
cWvvhdbc7aNdZPoDcNtj8LJZPyWPrFSlrQ8MNTOhGLYti6VqZGSq_TketgmgwdjCTpyTbKb4plFTsw,ABC123D4,BR2,1228,I,383,329,True,False,False,False,712,53.79213483146067,0
7OVAYSjKg8Me2XxqCu80c22gA1WNCVUEhE1U2IOtWiDpyLVRyUHR4QWaBaV_IxkRSmjKIIX0LuLDHA,Dioge,KING,1228,I,333,279,True,False,False,False,612,54.41176470588235,0
ahkdYvhqLohFAWFcCKPYKbjsAX7zJun1DL7-Z-Blg6S4EAUjfZLGNAQR3Y0zec6Qwg-bi2cwj9EJCQ,Guigas,Show,1226,I,154,107,True,False,False,False,261,59.00383141762452,2
b93wt5lOoRenh6KL_qoKzblzbJ86vXu6niSX71jD01Otd1Bq81CpFG8nPEp0CM0-qSq4HChuCfXANA,beta32,ISA,1222,I,387,346,False,False,False,False,733,52.796725784447474,0
lb-F8j2toWm-ZObv4UV6I7ep0RcsgYloTvq8N_SnE2I3OGTUNQQpIPW8S0yzi98YQ9IjirgOWRkeLw,Tutsz,1612,1221,I,420,348,False,False,False,False,768,54.6875,0
vyCbDJgqy95Steo6WQMCkHsjGX2GUoovl7ztFNbz3hJBQCHl1pd1MUL2tXyjoWLlvqaqXXmIvPYpNg,Beeйie,BR1,1220,I,374,323,False,False,False,False,697,53.65853658536586,0
ApM6QRhVotCY39Byc_uyQI9euncDlMsasaYguiHOk3ZULWIqM5TyPWFuI9hxsZCpfGBut1m8mM7z8Q,Saint Aqui,br1,1216,I,260,199,False,False,False,False,459,56.644880174291934,2
x2EVoUkBvyqgqEPrjF3nh4gjdmNwPR6EWAeYPA7-xbtD0HX7PwUTZnwdXun2WMCix2DDCITPVrlqoQ,Brunox1001,br1,1213,I,382,340,True,False,False,False,722,52.90858725761773,0
8d7R7SpgvaJKA88AHmy7xeVBMFWcDTd5UjZEFFvYuMzG6CW_BcFe9wSEUqkIhMsZ-QLejHuH5KhiyA,Freedon,br1,1210,I,751,709,False,False,False,True,1460,51.438356164383556,0
sey-LpymoRnFLulTn5spO-wWmFo5TEXTjP32YHzlDCbxNgLXnWDObWoF61dHtgFLyz47hvPQlSbJ6Q,DragonsЯ,dlpw,1203,I,252,182,False,False,False,False,434,58.06451612903226,2
o6beMoM9UfOPVKEy22bPzodjHTd-E-9mtSh8F0mpwJYnAMcTx9S-Ts9NIHRrhGfEXXQkBKw-B-5BDQ,Pepe,Kha,1202,I,271,227,False,False,False,False,498,54.41767068273092,0
8jQWqYv4TpsaXUS3fW3xU2fDSZcZXZjAG_vnOpSHzoDLOkwFh9BfnPL0g6mqtZ5HRGd93D4a8_B_bA,artic,juno,1199,I,286,238,False,False,False,True,524,54.58015267175572,0
rj_0zwb4z8vj_JdWV-knrhnMlwe8XNuoiq6fozcZ-WjAzxUFqFTePLrgSbNZgbOQuM4kFd30Miafjg,micaO,1996,1197,I,362,290,True,False,False,False,652,55.52147239263804,0
U0Eq_4vVLhyE8SLjB_3IuznEogLkS7zkeYtg17Lt7Kldh6NhKkrKuTuqYBL_DXlMMdvcvjpEBvaAbQ,FLA Makes,KDot,1191,I,250,188,False,False,False,False,438,57.077625570776256,2
TnYoWO1jGd7HaVTSg7waQ9UqWBgoz4eKuZb6DVbMBfpWfWrZYumPPC027of5a9TJgrJqzWXY5d9rtA,Zayco,Zayco,1190,I,293,253,True,False,False,False,546,53.663003663003664,0
X8nNzPgaE-wLsAr8ri-coVF9sRmGky7YUDRO0jgRRGysOxoJUnjVcNa8968cB0wMSfI33ppy-hwISQ,7REX konseki,0608,1184,I,835,783,False,False,False,False,1618,51.60692212608158,0
2cAArSmJv0ENDFE6C_1H3CVAvnxQtX-1Ls32sBkjMlCfDaqrCj4581TCOkotwUMf8WOOZx4fJkHoaQ,homura,ahri,1184,I,141,76,False,False,False,True,217,64.97695852534562,1
xAja7lPq3OR-C0bgWFk22U5nwRVTJb3LlcpEF-y6P1a0Gp65gutylZy5-lmfFAB_7FHpJvpP4hglVg,Daenerysz,Lux,1182,I,359,322,False,False,False,False,681,52.71659324522761,0
bIqOKyZspBBmInBPSRk4XFb3t5HEV9mStYgwoqPW7ZyxSiorWR81EQtu97zll07WALr5tnaBiDU8ig,TheNinja,BR1,1181,I,167,113,False,False,False,False,280,59.64285714285714,2
E0GTYmXh-7-ocbK-voCO1D8p1QEEPbtE39K7cuHVXONCaQWpDU2fqw6jArFXzAR5nCoQ-iWQN_uVvQ,Liritus,br1,1180,I,228,180,False,False,False,False,408,55.88235294117647,2
CVjdyn1bZ_X8FSEB9Ma5F8KkOvleYhtfQrWqIOMOE6HRZCvhDceJG93DDmIjoN6BQ6nZTH9VP3q73w,Veradux,Shen,1178,I,210,159,False,False,False,False,369,56.91056910569105,2
u8cdEJ_0bipZn0KCGKLSzNu-tzZPDqDCZXUBZdCNL5he0eF6LTexVfGs7I2eMpLIghEyrFmlEFv5Mg,Snalt,grow,1177,I,589,545,False,False,False,False,1134,51.940035273368615,0
1JwwFeZw0_gpUGMgx_HVf_ZS95IS3hnMDj83iDSsh4wopiYHBc8tkujWkwW5JMltpNfMqchfInqVJw,Vinicete,vini7,1175,I,707,655,False,False,False,False,1362,51.90895741556535,0
LXqPwEi-XxsJmhrcZe7qxkq3z7L5HyyKXrBwIGuZlftfblArIowehr9p30tPh3HevwJzYTTdWhzhcA,A7Kiari,polo,1173,I,411,373,True,False,False,False,784,52.423469387755105,0
iXXmRgRNzS6Gg15BIYguoKDWefw8bm-qYMyE7n6vTBxAXlug1XYq8N3Qnbh5RekXpiUJyVy9cI9sGg,Tapioka French,br1,1167,I,303,267,True,False,False,False,570,53.1578947368421,0
DM5FGanm4m7ENxdMq_bOuLlvO_KQH2wFR-LF5h8RKYvIlF7gtAn3sLplOuIvU6RrN43hhLZ-NbpjZw,lllccc,lllll,1166,I,336,257,True,False,False,False,593,56.66104553119731,2
BGqU2FbjuDC5wt06y0r2QA3ZLANHM8SCrgh6OleVwcx30g9oIVXDJhjB4rYDQ6icgO4CVo5qRYGWGA,banheta é bom,GOZA,1161,I,450,403,False,False,False,True,853,52.754982415005856,0
iYjfrd5LSlJtulEPLi3o5p-7CSXjV6sUC7Hw8wITbgjydq06A1c3Y11JGQFG3UAWdzcthza452b9FQ,Celo,br2,1160,I,398,344,True,False,False,False,742,53.63881401617251,0
DQkqvwUqugnbey_M2JxyhdOSAkmypK0uJY0_zfZrMPqkhTu3yAS8cv0SLe9E78VZNUopfYuvuWhVkA,noobrolu,noob,1157,I,257,190,False,False,False,False,447,57.494407158836694,2
4TFhL70N5aVyFUe617xgAL0joerdpoJ2v7pADEQ7n_zEm61HDe8MGW5P_vxQjg0IqON80WgEXPdX-A,ariziinho,Hwei,1155,I,321,275,False,False,False,True,596,53.85906040268457,0
Qc8khu3nS9fHInhB2gxE2xXa8jCRpW9i4iQ8I85icWdvQUKduB0d7pSEUd7xCUz8VQprRlZAURcXDQ,QUINDINHO,QNDM,1152,I,372,324,True,False,False,False,696,53.44827586206896,0
DYx0NdEJp7pbCIPvwKvS87lS3hu-z79hcEjOQsDXOUyzIcyoc05EJywfHgnonmMJF6C8jSoVG2UIkw,Nyctophile,60606,1149,I,388,268,False,False,True,True,656,59.14634146341463,2
-4shuVKIhyMWrMzieITKgIVDjO5i-96zZncHGrmFk5jpk3hQ_XUWDkkeAOY0y_Fj6pLYOe3WhPoASg,xyno,kiwi,1148,I,385,343,True,False,False,False,728,52.88461538461539,0
N0MQ0jYcKfnHu_r1JoyopWDv0h3FnWK4Mu0pc2kjSHKFRJhQLPCCWUyaIz1KDkiMLFz1L2kF3F451Q,Yuusha,1407,1148,I,135,75,False,False,False,False,210,64.28571428571429,1
92sQcEHbzkoLbfE-W0H51Y_NTOg0JS8XmW_tIoGhRVToE5kzwA0QfI9nNxeejnyguR0INF_FXPQiOQ,barinho,hxh,1146,I,459,412,False,False,False,True,871,52.69804822043628,0
UolOiEqKq-CfGSwmT4IsOA7R-6WOWfcjAjIzUF5dXY11cQYb5cxNlJAzR_bBYk3xu5R-qYucAAOFHw,Kouyx,Kouyx,1143,I,172,124,False,False,False,False,296,58.108108108108105,2
8s4MpGL7m8MyzbQyVo-uZHKhbzM4Or8AZmed0of9CssMZ2_sqXJhHc3VUTDa2gnkIzIhM8Z_-DabzQ,AYELGODLIKEMODE,PIT,1141,I,546,496,False,False,False,True,1042,52.39923224568138,0
cFXIQCy1yzbtJv4hiVSt0jbaKxJa7KNaFyjGoPcmIn2cfcvE50X1b-AgwHyf3sZauV8w-sHFASr-9g,Dazai Ω,사마엘,1140,I,532,501,False,False,False,True,1033,51.50048402710552,0
ZX5dixUA2jSTkYMz13a-rXrqI0X9dMShKIDb06Womnmka2TzFwEgv--U7FagYbmISC8PobXJQJkpYA,rimasdehiato,Tsuki,1139,I,417,364,False,False,False,False,781,53.39308578745199,0
QToujXW9MGzX49qodqiVJj7eWRB3gm4sC8aI3lQcDMkZZWD_wMhf2XfPXTWXjYATK0Kt2XFSsJeDeQ,DU GYM RAT,GYM,1138,I,170,130,True,False,False,True,300,56.666666666666664,2
hU-eqIeHL34Rx6Gpr-Z2FgAjUUyh-md1bngDHeBj3EeIGqbgQmEDMWdf3ibsZdQfRZb2kuUchDp-lQ,Fallen Leaves,Dust,1137,I,225,166,False,False,False,True,391,57.54475703324808,2
6Vja86PNn9uHwydB7RqG3TpW-ZyS5REz43dh-GKz6e56bjXzPUdvdyBEVVYYZQQjcY_i9-VLBuQABg,Dudu Duelista,dudu,1131,I,643,590,False,False,True,False,1233,52.14922952149229,0
zq_5ORU8rnjr4L-D9sYe1F8McE1oe6LVAiTMTY1sFaG5JuVp4dzXoPXQ0xJD9UghXdjZu8btfQfnog,anakin,cn1,1131,I,251,169,False,False,False,False,420,59.76190476190476,2
gOLybL4Vqs51DNQx1ZZ2C2DBD0EXyiB4JZhyG19LrZfgEI83isTKCbsfn39aPqbQYTVMqIm2i48nPQ,Maddóg of Estudo,srfj,1129,I,366,328,False,False,False,True,694,52.73775216138329,0
-BbNjI6aYYfKoNJ2bXIUpfijfs51RT6HGAEv-qaQXw9HzbQFDM4yUIsa1xaa2AzIjnK5iapjj4-i_A,EUSOUAMÃODEDEUS,LINDO,1127,I,237,130,False,False,False,False,367,64.57765667574932,1
A_ny0YV4Kj7NzSfw95CfZkJwnVGnx9XtYp34GPHBglYWc5L0aPlbZo2bGopC5yO_WC0ctqZQttckRQ,Cisne de Gelo,frog,1124,I,242,171,False,False,False,False,413,58.595641646489106,2
giPPCBt0NIP6hqmBM410BXFTNBE8uAOl7TXJSA42GTiBhiA669eDKvKiDCvqqSl00B5Fvl87RiVglA,SuperCleber,Super,1117,I,474,416,True,False,False,False,890,53.25842696629214,0
Mpj21dgZq9LjLi9ppYgewKNFMAsIE6ERGeMLmgFNQfyiLKTPG-mUdvyKiZp-VUOfP5UUgdRsAWcCpg,Y Fatureto SL,chall,1114,I,417,356,False,False,False,False,773,53.94566623544631,0
NsMO5nT3uOwIg1VlIoDmTmGBZ58kxSoI-MKzpy6ldVXEQOYl9EkbsrAGX20xKM-YIKvsDqmoH_0LiQ,paralyzed,1980,1109,I,377,349,True,False,False,False,726,51.92837465564738,0
nbQ_zCUsxNNVhTyBJ7R9I7imJCyLwkixLxjrrxggYu1cgZJLK1hLQjrAUDci9fSiO_CbMHyayOb9EA,kindlein,GOSMA,1109,I,292,242,False,False,False,False,534,54.68164794007491,0
vdHz5ScOq1Tgtr9mBOMAh9myF1TcAUHucFJrBjrzvxNu9UPXry98XBdyDxmO5bNnwIcNKbBuq023Kw,SOCO NA COSTELA,BLITZ,1108,I,406,353,False,False,False,False,759,53.49143610013175,0
fS2rYSaH5TbFDu9rjlyDQNYZniX24l-qV4U2QBjxZVsH8TWjZ2tM0vzHGzq70Nl1xs7rotLmPA0bpQ,Hyress,fly,1102,I,382,343,False,False,False,False,725,52.689655172413794,0
gUHzhqnHPiD_dpjHfAJfKkg8-m46Wf_DRb6HuPbp-ncz_y6ZIrooneo3t9N3CLe7YwRWoWiOsiWo5g,Sleepy,BR01,1102,I,282,227,True,False,False,False,509,55.40275049115914,0
s8i4ugG8_DbGv6b9Prkq5uF8A5d1LUCusraWqqjc9rRrwtUMGcTU1-W4Zzl6N0DWDIEsyCtkTSDHKQ,naul,001,1100,I,488,455,False,False,False,False,943,51.74973488865323,0
Ho57ITFFPs6OpqhFljX6wDYUjQdvd34F8l99Icraiac-I4Rl5DTtKfC0I5VybpGFJqUzQeLIzBnPzA,FURIA Tatu,10y,1099,I,410,369,False,False,False,False,779,52.63157894736842,0
ga6aMJkQF-mTnu9qm857tMvhkAmkOw4k6PJ8B3XnvXhAUszurgJSOJpp-tR5Nv_cocfomZ_W2kZ5_g,pfr n da ban,BR1,1097,I,247,187,False,False,True,False,434,56.91244239631337,2
avMPDh5ff0xy7mrYgOHKwnpXF29YiVUfVvt1XGYzcsxQMm9gGXpikW2L3IkBzQosg_YW7ve8_C4GGw,Obito Uchiha,ISG,1096,I,678,648,True,False,False,False,1326,51.13122171945701,0
6MFKGFSzzQr6sKNHAdJ69Rl1X7iC3g8gIzcYvfeybSR2zXdC0IIhit4CFSNIjzy1o_Y1ZrAXDycncQ,RUGPULL,RUG,1096,I,306,248,True,False,False,False,554,55.23465703971119,0
OM1VrASvIkDvdn0wseE6zOJX75wHiCNVEfT9AuRrtk8AKpOF4_WV56Baz8NE790Q8CI_S0pk7VGsGA,Discipline,tico,1095,I,145,90,False,False,False,True,235,61.702127659574465,2
bUpm4eW6rh7zgA8R2BQYI0xuBDBtut-j0s6_qlZ-h-wFWAWt7B8aP6FIrqU7pz3VOnbTySZj2AyXCQ,Autumn,apelo,1092,I,287,229,True,False,False,False,516,55.62015503875969,0
pArws7RaDf7d-WJFzE0fBzY-LI3185Ud1YYITsIWtlKzm8wyjznIPZ3n5zi3xDNaZ8DsUonXU3SX5w,Guizzyxz,One,1090,I,392,349,False,False,False,False,741,52.90148448043185,0
NKJigo1ATAGWhr4wbt6DdiM_wW2isgq7cpMLE8g7yd2HGOlqif72Wo-E_Umm0qBrEKkTdCl3T5IElA,piLOT,BR11,1089,I,364,328,False,False,False,False,692,52.601156069364166,0
q7_Xw8d7fZOGtwJhu_mqoXhKuj6qO6Hs7sJAOcCsTJaDXYfxgv3Q49Cl1Rjd8eo-H5Lz-m1d-nqdoA,Zikinha,Clean,1087,I,249,216,False,False,False,False,465,53.5483870967742,0
5NKISXBlAmBmXjEVyg_xEgIp5b0zMo924SVe9kqsinmp3G1vhF680kxuWm_0fWF4V72JjVqmsEbfhg,Raazgriz,Lost,1084,I,344,308,False,False,False,False,652,52.760736196319016,0
_iagReqb0W0WWMFljEnXa3nE3dfYLcRx6Bgnxt9ZOAJPPoEnRzNWhFmq1T7BenZ9pqrEpqKQj2NqkA,Tkk,BR2,1082,I,340,304,True,False,False,False,644,52.79503105590062,0
DUKLYV8nSgKJQXwmJBI2iRW0fq-FRoSeUJ1IYthjJSvcuB2Lj-GWgQoKIu5rcKS-RUbUvIkvGFPvzA,my kingdom 4 a,kiss,1082,I,269,228,False,False,False,False,497,54.12474849094567,0
QnsyS8UGQ0QMYjKgNXfNYOH0GwBMuB5Y5-dX9_kIFh50QWu2wFS0uGlKGIwVAko2huhUFvk2E5p7IQ,Changli,lysia,1080,I,590,543,False,False,False,False,1133,52.07413945278023,0
2qBtj9WxY7ozM7bagVwBSjiKHWe3sXEBOXt5pZiObji76D09gNapQGx6LDtIVYufevjJf-RIQoBZ7Q,saber,crk,1078,I,480,433,False,False,False,False,913,52.573932092004384,0
bpwV7RrudStpfr2bfRXSObIAJudkcY-eLoUXx39xTRPeKsz6ubtT1q2YlfIf2mJB0JB7p-cXefDlwg,Piper of Hamelin,BR2,1074,I,152,85,False,False,False,False,237,64.13502109704642,1
axzDmbTegXgmo8DzzVNI-WXSJ7BjKcwwxjxh-yGNLYL-rLt6zEPI7F2Kp5fqF9ue3e8ivt8TyydG9g,MCDONALDS ARC,JMZ,1073,I,602,560,False,False,False,False,1162,51.80722891566265,0
nWgBXbU4QRfMnXe22qIWiIdKvcLhndaNOJm0W2hX2DExmefVBfQhbQjxFEml4d-JjzmXZGAone-OFw,TEKKDESTROYERS,demon,1073,I,283,234,False,False,True,False,517,54.73887814313346,0
NS3SwAlEtU9RYIc6l8rAfaXODYkFzypsdDPm0ERPF7CwrB2uC5YHoCjY9mKg-JkPgRBX1M1a22Agbw,guga fighter,001,1070,I,615,578,True,False,False,False,1193,51.55071248952221,0
EKdb4uloVGabm-L_y5j19P2bPGLXDwCVNk0doNdIhZb-N6qsuF_heMPDXPNUbcMOFOx-2_HBmxbWJw,Feng ssj 2,16y,1070,I,537,504,False,False,False,False,1041,51.5850144092219,0
3qzZy25WIje1wMBi-6vxxkAsdp3BDqMgqnCkiBEmBedOCutovDQGu6LpvlCKO_4Lzhp28MyBV8Gs4Q,Thousand Years,BR2,1069,I,192,134,False,False,True,False,326,58.895705521472394,2
vis8sshU_m39MJ74h1lyWDLHiFcsfIH8T7dG5Z_pQPmKOiJaFzVbyBb72ZsQxFUV9KIbl2LeWosWSA,Rei Taric,King,1066,I,327,283,False,False,False,False,610,53.60655737704918,0
DRaRSiYumBYjzF9EkoQB-ricvzlPOmzZ7qIIAbF2IMxKIZbdY0h2QNOBs-8uBdeKhZoZn7nPx8AZxw,chocobo,TDC,1066,I,202,161,False,False,True,False,363,55.64738292011019,0
BGR2FFi-js1sLDMq6x-XRWFm82I6Bs4LquZU1jAnCRqVZgOr_94WwGiXLzqweGYjyYOXkM-Ri6pltA,TioChill,013,1064,I,385,339,False,False,True,False,724,53.17679558011049,0
2zDkQu52E5sxfvykOKKuKv05PJBwcR9qJl9A16GRY7XbgWkccGZgi5j4iQSZOLGJqp9c-lzgod0SFw,zachary,kr3,1064,I,176,128,False,False,False,False,304,57.89473684210527,2
eiaiB0TCpJyoqsYXSwz5esobabIJ7z_d_p674z96d212A-fjvW2Ey30tVMW2ukmLJkGBOQ_0CtdolQ,Healer Abuser,Rocky,1063,I,564,514,False,False,True,True,1078,52.319109461966605,0
UluQGzEWv6hYloslJpn1ynxZithuib8J_vHhh4O6XKxWxqnya2GH2HXF--8GicmSEvT_KJweYIDhyQ,revy,lumy,1063,I,456,413,False,False,False,False,869,52.47410817031071,0
cD7qreEyLyke0KBmlYkYledq8MUpJ7hx0aZvvKRBsk2oCWDRkt4-VEJQsISCwvYotvRZF46grtngFA,Takagi,Gru,1062,I,242,204,False,False,False,False,446,54.26008968609865,0
vWcm1NzOrpIqXluOZyuNNEpNvbydLEtjeSGhXZ0xEpWxQV9wnugAwWbCO6PtGqa6Asqbio0Ysw62BA,zhumi,Jesus,1060,I,465,422,False,False,False,True,887,52.423900789177004,0
zu6jIkoOYMWNl0riHeN2OqUzlIaJJKlk9zhmRmmlpbnyS-si_JQO0tJYLuTGuEpU9_nXI6b5BB_L7g,Hirotto,Hiro,1057,I,595,561,False,False,False,True,1156,51.470588235294116,0
S3cWpTmfVrISZ0oQEnnvgEcBnU82lMUcTvKBoHsmraMT4s2gQd2-snOqgB4r1F1BdhBaNrcmYuxopA,Juzo Biwa,ISG,1057,I,360,300,False,False,False,False,660,54.54545454545454,0
JEL-6MtUWWTew3NPjwFmYtDYVD67Nn6VOi-hpOG148j8AewP1XWryk07svWEM8JY_gMe7ErdQzj6rQ,Winter,ker3,1057,I,279,218,True,False,False,False,497,56.13682092555332,2
Xq5eN-ch_GSZUtz-4-rxpin2u-F0S4W7DDQ3lvoEDMjymYx4q8goTQEbcCvdwOz2Tf4Vj7FuJcQ11A,Vayne Mono,br1,1057,I,175,98,False,False,False,False,273,64.1025641025641,1
xm_MYIw80xKatn6XE4ToVBy6-kU3OLbtr2WR4_C_2byIj3yjNn0fL19vtc9hLvOO3STI3Uwif6nzFA,momochi,lol,1055,I,501,453,True,False,False,False,954,52.51572327044025,0
RLTl-F1SJkZct3F17um8DURSO8ayU8FSL0k20DIUK9qF5vl0pua8csvaBSl8N6GAERs91ZRZAEg1GA,love zhou xuan,heart,1052,I,506,446,False,False,True,False,952,53.15126050420168,0
LSP2w9mx4nfNSgF3Ga0BZ790TGfUvOvkfoirh9cc_6ZcTTGQXu09LN_KOsw-VFrWGKrHWSMmd29Wfw,trisagion,XX99,1052,I,454,391,False,False,True,False,845,53.72781065088758,0
1bm1U8oEODEm7N4DIokTK9w3wd5vFWlI6ZbC8BuvqmNQOvFnG8lgP4MKXurojKJZdSOf0-6k298pzw,zay,zzz1,1051,I,192,158,False,False,True,False,350,54.85714285714286,0
SelquO91FK60QK2I5FNBoHcZB3D-Sj457etAaeSTHU30MRTHSSFXiR7Pr0vMngLAN6W6FaMjgGfd2Q,Gbm,001,1050,I,181,126,False,False,False,False,307,58.95765472312704,2
8TFVhAbwO-L_Q0-sJNPnDSaiKBkv3rPB0JQsZiNBgXbeEJ3RQ484fNiySJIOSJzemMpnxXAzA9SsiA,Crawl2r bosta,gabi,1050,I,173,88,False,False,False,False,261,66.28352490421456,1
dRRrdpqYmilo9Z0smAp5ONn_Y1Drg-1h4is6n1pYVk_8jcncTFK9RK6zi4CtNDE1m9gMPEEUHjJuaw,RED zynts,zzz,1043,I,438,397,True,False,False,False,835,52.45508982035928,0
wL080KmcD1VNO0Mm8AQagmkfZTUJ51NJmLEuMqw8EwTG3HztpcTuUpkTwlP19tt94zBWDZFIJx6Gpw,Trader,1234,1037,I,606,564,False,False,True,True,1170,51.7948717948718,0
zZXev1y9mIIoQJfAkgtqqQ8WCNITRp3M-utY4LNgJKkDOffU2g-L0PsWJ1yb2cQgSU3Ds5N-KhwrOQ,maiorqueotempo,copy,1037,I,429,403,False,False,False,False,832,51.5625,0
mdG0XiU3Z0GfYAOvK9T1YCUUfmIlRLvvZOHcCdhLgRPpeZ8znawZeYwLaFwf-RlaUseA6ybEND-GLw,Chefe do Estudo,Sett,1036,I,273,212,False,False,True,False,485,56.28865979381443,2
kWak2MFKizoJNtsjfOMYlX24gwrc7sU0jjnG4W_h_fTGKL3UcbZTyzYmpKvd3DL1OHG0fN35uosVsQ,Wherever you are,1004,1036,I,135,77,False,False,False,False,212,63.67924528301887,1
zowLEaCvU0U3IR-5_aYXDr0C41ACKHgBtc_qteRrhXY2kR65WGSV5-gmN_AsNXbBSqQOZI1K8gXcbA,Hexie,0000,1035,I,221,178,False,False,True,True,399,55.388471177944865,0
o_J_nK4DyUX7nTDS5dyhzdx5RG5IHF-12AEktnF82eDJ6EbXvMAvnDTzWN7qKrVzCu7ET0HrTU49Ew,RED Nero SL,dmn,1033,I,810,764,False,False,False,False,1574,51.46124523506989,0
5a-1OQQEBq7Cisgm4xwG6xikdJ3HGONzHxy_iDkjmFHowrt13fjWXTbdMsxO_I9y4BSYEFGxBAupPg,KBM Gryff,Nat,1033,I,329,289,False,False,False,False,618,53.23624595469255,0
dsnLHWBLRmgmSUQOzrgHON5ErAMczhovkrRBZkF4SSpt0bMPf800LYoHip8WOZ-_qnlbVPz1rsN-lQ,stecca,00000,1032,I,117,58,False,False,True,False,175,66.85714285714286,1
ngrk1ZJecXQ60ER8GFYtF_bAVTu27qPnDcr8JePxhIT3vRGc_a3YlNHJ9GVBzDk3nsnMAUImjZviMw,anvurgesa,BR1,1030,I,421,369,False,False,True,False,790,53.291139240506325,0
GyHccv8ocfK1NzmSVq8c7nAMxhxJs5vgMMcWQgvWrJewF1KC5_SlEEqgA6bhbIYamSOZiklSoOrgYA,Shukrute,BR1,1030,I,237,145,False,False,False,False,382,62.04188481675392,2
ZIvgPF6FSoHX1oSc7XWwLGwUBzFyrpepgZMV2qpHOmj5tUIQSxSM4YbfWX03oouP1w4wZsD_EbA98w,pdiddy meu goat,refem,1030,I,183,65,False,False,True,False,248,73.79032258064517,1
gVPxV9Bv7CzJ0j5GhQy1_czQx6ZAwZUcNBTwRd9-MdGtcySrwxFiml0mxfKI-NaF02U61JumM8wvzw,Ancrath,BR2,1029,I,280,217,True,False,False,False,497,56.33802816901409,2
1o7TxK9LySq0aa3czqUWUkyjaIoidGbcVEMVPWJ_W-qSwOVNWfDjT88dtZUOtvLhcQhGWW4b6_4LrQ,MetalXR,Metal,1029,I,276,239,False,False,False,False,515,53.592233009708735,0
L_NrzBlhH_wRdiKLNVIwoOK7u6_fn6OcOihXHQAt8kxGjgjscLt-11UUqlw0zzcq68a5aSmjICHILA,Mandioquinhaa,BR1,1028,I,674,620,False,False,True,True,1294,52.086553323029364,0
eoeEAgieZfSx9IJxwnHI8A87XUY4TAHzwKLg1v_CCwfebMPJM19IizEyrdPU3hDW--bxcZoi0HZA_A,Methrandyr,rds,1028,I,131,71,False,False,False,False,202,64.85148514851485,1
xci6B6SfpydMx2mppdUkGKeicNDHlpXTcTx8g_G1MqPqR0LfjZtO8PbySajtX_PATXa_JP6FhnWIFg,waa,3 3,1026,I,130,51,False,False,True,True,181,71.8232044198895,1
Ug-pBlOMdBKnpKcVgDhe7JIiWep0mDTn3DXcC1NO0AmH8Tyl_9MrwpZygJdP2uOWAHqaFlOTF0qwFw,cRa,letca,1025,I,260,217,False,False,False,False,477,54.50733752620545,0
vz4j--HrYF5OdOzpjwRiLQ5EVvvnOSi3LBWp4XytEDfoBIG3WO9v7VKPIFbmjycMYvxvdeUpI9-Fzw,flaws and sins,rlly,1024,I,619,589,False,False,True,True,1208,51.241721854304636,0
UG1PtYnkHgIhiIXAEbncZ3AzvYbp3z8EVsBbCKkEbElUwnApdS4fZkeAMBtO0EZ96ltBbVqpI0vTiQ,Berghain,BR1,1024,I,220,182,False,False,True,True,402,54.72636815920397,0
j18vKPH02D1OTWF-PpAk9UOoDf4BxN47ZQZW5Z83nHOE5wf0H1yoIPaUVmfxtfkCukmTaMEr0JbOVg,Duelista,BR2,1023,I,133,28,False,False,True,False,161,82.6086956521739,1
3yajKDh3JihzlvPLhUzGNjkuHXvLjeSbNxxHAGvzEY7WdIUeZR1adN5Bt81PcqKm3dU82CEzW53bVQ,7REX Levizin,Isa,1022,I,350,315,False,False,True,False,665,52.63157894736842,0
UIu9zKajTdxvGE5ZrTiYG1Q4jy_l8THbQLpbbzvSUC_aKK2U7s51dV4L86reKK_DBwcqvYTNcmzoqw,Bertoli,brtl,1021,I,447,387,False,False,False,False,834,53.597122302158276,0
gUtyMlPXPmMB8viI7hOIXfFxr486N8iP5DBSOyBMtCWYCqGz3Jqu3wB4e_DvwspvS920zww1Ep-BUQ,3 da Manhã,br1,1020,I,657,612,False,False,True,True,1269,51.77304964539007,0
1pla1equBfCe5Eoxr4ehHkxIL6YH-iSISV969B7batK04sdlWlbA75atHUYlEtct_vvvxstFXKyUvg,Mateus,penha,1019,I,145,57,False,False,False,True,202,71.78217821782178,1
dqyFPph0TMmDt_uovs-L3Ty_xZDwja9tVaScSpww2tIs9YwDz9Rry5aaNczFuZ3unrpzHkzjvZT2jA,till i collapse,uxix,1019,I,123,61,False,False,True,False,184,66.84782608695652,1
yFIc25y1Acb7Mcm986O96YsEPdOrVfg3aCSkGmGvmr5OUNulSSI7Z09UxJswDW9PrqG5PXSqhqyQQA,APOCALYPSE,FIM,1018,I,278,130,False,False,True,True,408,68.13725490196079,1
bZj-csWIfxujPRF867gx82P09kWAFlw9ww8vu0Z5Me1DlY-VuY01voyAixOFBGwc8_8RwaezjgfgDg,Kohls,Ryze,1016,I,224,188,False,False,False,True,412,54.36893203883495,0
V27ROzkZiQAmxik1dI7uIHoswQjL--j0hEs2J0_xrvqAnhyza3SX9T7LwKbc2bjPgZ5aSjoyNWt7KA,vulgo th,cv1,1012,I,150,92,False,False,True,False,242,61.98347107438017,2
Zt-fhCWfDtD46mUQC26IrKlXyJiA9cb38waG581dUD3x7VHa1Z53XkH67OCFp01pZVsOgU4XGXsxHA,hina ryu,nami,997,I,539,502,False,False,False,False,1041,51.77713736791547,0
hLOWV4FoogfZ2KAvYUmNW7AqOW_T6HFpT07cYCp76HST9OTEC852jzDcvQwM_s-x8FzUb2L9ammkrw,YT REIDORETORNO,Garen,981,I,730,691,False,False,True,False,1421,51.372273047149896,0
